ball,batsman_runs,non_boundary,is_wicket,player_dismissed
2,0,0,0,
3,0,0,0,
4,0,0,1,RG Sharma
3,1,0,0,
5,1,0,0,
2,1,0,0,
4,0,0,0,
5,1,0,0,
3,6,0,0,
4,1,0,0,
6,0,0,0,
3,0,0,0,
4,6,0,0,
5,1,0,0,
1,6,0,0,
2,6,0,0,
3,4,0,0,
4,4,0,0,
5,4,0,0,
6,2,0,0,
4,0,0,1,RG Sharma
1,4,0,0,
2,0,0,0,
3,1,0,0,
5,0,0,0,
6,1,0,0,
1,0,0,0,
2,1,0,0,
1,0,0,0,
2,0,0,0,
3,0,0,0,
4,4,0,0,
5,4,0,0,
6,1,0,0,
1,2,0,0,
2,0,0,0,
3,1,0,0,
5,1,0,0,
5,1,0,0,
1,1,0,0,
4,1,0,0,
6,1,0,0,
1,1,0,0,
5,0,0,0,
6,1,0,0,
1,1,0,0,
3,0,0,0,
4,1,0,0,
1,0,0,0,
2,1,0,0,
4,0,0,0,
5,1,0,0,
1,1,0,0,
5,0,0,0,
6,0,0,0,
2,2,0,0,
3,6,0,0,
4,1,0,0,
6,0,0,0,
4,1,0,0,
1,1,0,0,
4,4,0,0,
5,1,0,0,
2,4,0,0,
3,4,0,0,
4,2,0,0,
5,0,0,0,
6,0,0,0,
3,1,0,0,
6,0,0,1,RG Sharma
6,0,0,0,
3,0,0,0,
4,2,0,0,
5,1,0,0,
2,1,0,0,
5,4,0,0,
6,1,0,0,
1,0,0,0,
2,1,0,0,
5,1,0,0,
1,0,0,0,
1,1,0,0,
3,1,0,0,
4,2,0,0,
5,1,0,0,
2,1,0,0,
4,4,0,0,
5,6,0,0,
6,1,0,0,
1,0,0,0,
2,0,0,0,
3,0,0,0,
4,0,0,0,
5,4,0,0,
6,4,0,0,
5,4,0,0,
6,4,0,0,
2,2,0,0,
3,1,0,0,
2,0,0,0,
3,1,0,0,
6,0,0,0,
2,1,0,0,
6,4,0,0,
2,2,0,0,
3,2,0,0,
4,4,0,0,
5,4,0,0,
6,4,0,0,
3,6,0,0,
4,1,0,0,
6,0,0,0,
4,2,0,0,
5,1,0,0,
7,0,0,0,
8,1,0,0,
1,2,0,0,
2,0,0,0,
3,0,0,0,
4,4,0,0,
5,0,0,0,
6,0,0,1,RG Sharma
3,1,0,0,
5,4,0,0,
6,1,0,0,
1,1,0,0,
4,0,0,0,
5,0,0,0,
6,0,0,0,
3,0,0,0,
4,1,0,0,
2,0,0,0,
3,0,0,0,
4,6,0,0,
5,0,0,0,
6,4,0,0,
5,1,0,0,
2,0,0,0,
3,1,0,0,
5,1,0,0,
1,0,0,1,RG Sharma
6,0,0,0,
2,3,0,0,
4,4,0,0,
5,1,0,0,
1,1,0,0,
5,0,0,0,
6,2,0,0,
3,1,0,0,
1,1,0,0,
3,0,0,0,
4,0,0,1,RG Sharma
4,1,0,0,
1,0,0,0,
1,1,0,0,
3,1,0,0,
1,4,0,0,
2,0,0,1,RG Sharma
3,0,0,0,
4,0,0,0,
5,0,0,0,
6,0,0,0,
2,0,0,0,
3,6,0,0,
4,1,0,0,
1,0,0,0,
2,0,0,0,
5,0,0,0,
2,6,0,0,
3,4,0,0,
4,0,0,0,
5,4,0,0,
6,0,0,0,
7,1,0,0,
5,1,0,0,
5,2,0,0,
6,1,0,0,
3,1,0,0,
3,1,0,0,
1,0,0,0,
2,0,0,0,
3,1,0,0,
1,1,0,0,
4,4,0,0,
5,1,0,0,
1,4,0,0,
2,1,0,0,
4,1,0,0,
6,1,0,0,
1,6,0,0,
2,2,0,0,
3,6,0,0,
4,4,0,0,
5,1,0,0,
1,1,0,0,
4,0,0,1,RG Sharma
6,4,0,0,
7,0,0,0,
3,0,0,0,
3,1,0,0,
5,0,0,0,
6,0,0,0,
3,0,0,1,RG Sharma
4,1,0,0,
1,0,0,0,
2,0,0,0,
2,0,0,0,
3,0,0,0,
4,1,0,0,
1,0,0,0,
2,1,0,0,
4,0,0,0,
5,0,0,0,
6,1,0,0,
1,1,0,0,
5,2,0,0,
6,6,0,0,
2,0,0,0,
3,1,0,0,
1,0,0,0,
2,6,0,0,
3,4,0,0,
4,0,0,0,
5,1,0,0,
1,6,0,0,
2,2,0,0,
3,2,0,0,
4,6,0,0,
5,4,0,0,
6,1,0,0,
1,1,0,0,
3,4,0,0,
4,0,0,1,RG Sharma
2,1,0,0,
5,0,0,0,
6,1,0,0,
4,4,0,0,
3,0,0,0,
6,1,0,0,
1,1,0,0,
3,1,0,0,
6,0,0,0,
7,1,0,0,
1,0,0,0,
2,0,0,0,
2,0,0,0,
3,0,0,0,
4,0,0,0,
5,1,0,0,
2,1,0,0,
4,0,0,0,
5,6,0,0,
6,1,0,0,
1,4,0,0,
1,1,0,0,
3,4,0,0,
4,1,0,0,
1,0,0,0,
2,1,0,0,
4,0,0,0,
5,1,0,0,
1,4,0,0,
2,6,0,0,
3,1,0,0,
1,1,0,0,
4,4,0,0,
5,1,0,0,
3,1,0,0,
2,0,0,0,
3,0,0,0,
4,0,0,0,
5,6,0,0,
6,0,0,0,
2,1,0,0,
4,1,0,0,
5,0,0,1,RG Sharma
6,0,0,0,
3,0,0,0,
4,0,0,0,
5,0,0,0,
4,0,0,0,
5,1,0,0,
1,1,0,0,
4,1,0,0,
6,0,0,0,
2,0,0,0,
3,1,0,0,
5,2,0,0,
6,1,0,0,
1,6,0,0,
2,4,0,0,
3,1,0,0,
6,0,0,0,
7,4,0,0,
3,0,0,0,
4,4,0,0,
5,0,0,0,
6,1,0,0,
1,1,0,0,
6,0,0,0,
2,6,0,0,
6,1,0,0,
1,0,0,0,
2,0,0,0,
3,0,0,0,
6,0,0,0,
3,1,0,0,
5,0,0,0,
3,4,0,0,
4,0,0,0,
5,0,0,0,
6,0,0,0,
7,0,0,0,
2,1,0,0,
5,0,0,0,
6,2,0,0,
3,1,0,0,
1,1,0,0,
3,1,0,0,
2,0,0,0,
5,0,0,0,
1,6,0,0,
2,0,0,0,
3,6,0,0,
4,6,0,0,
5,1,0,0,
3,1,0,0,
5,0,0,0,
6,2,0,0,
2,0,0,0,
3,1,0,0,
6,2,0,0,
4,1,0,0,
3,6,0,0,
4,1,0,0,
4,6,0,0,
5,1,0,0,
1,2,0,0,
2,0,0,1,RG Sharma
7,1,0,0,
1,0,0,0,
3,1,0,0,
5,1,0,0,
4,0,0,1,RG Sharma
4,0,0,0,
5,0,0,0,
6,0,0,0,
2,0,0,0,
3,1,0,0,
6,1,0,0,
1,1,0,0,
5,0,0,0,
6,1,0,0,
1,1,0,0,
4,6,0,0,
5,1,0,0,
3,1,0,0,
6,1,0,0,
1,1,0,0,
4,1,0,0,
6,2,0,0,
2,0,0,0,
3,0,0,0,
4,0,0,1,RG Sharma
4,0,0,0,
5,1,0,0,
1,0,0,0,
2,0,0,0,
3,0,0,0,
4,0,0,0,
5,0,0,0,
6,4,0,0,
1,1,0,0,
4,4,0,0,
5,0,0,0,
6,1,0,0,
1,1,0,0,
4,1,0,0,
6,0,0,0,
2,1,0,0,
4,1,0,0,
1,1,0,0,
3,1,0,0,
6,0,0,1,RG Sharma
3,0,0,0,
5,0,0,0,
1,1,0,0,
4,0,0,0,
4,1,0,0,
1,1,0,0,
4,1,0,0,
1,1,0,0,
2,1,0,0,
1,1,0,0,
2,1,0,0,
5,1,0,0,
7,0,0,0,
8,1,0,0,
1,6,0,0,
2,0,0,0,
3,4,0,0,
4,1,0,0,
1,1,0,0,
3,4,0,0,
4,0,0,0,
5,0,0,0,
6,1,0,0,
1,0,0,0,
2,1,0,0,
4,6,0,0,
5,0,0,1,RG Sharma
6,1,0,0,
1,0,0,0,
2,0,0,0,
3,1,0,0,
5,1,0,0,
5,1,0,0,
1,0,0,0,
1,0,0,0,
2,0,0,0,
3,0,0,0,
4,1,0,0,
7,1,0,0,
1,6,0,0,
2,4,0,0,
3,1,0,0,
6,0,0,0,
2,1,0,0,
5,1,0,0,
1,1,0,0,
3,0,0,0,
4,1,0,0,
1,4,0,0,
2,0,0,1,RG Sharma
5,0,0,0,
6,0,0,0,
7,0,0,0,
4,0,0,0,
3,6,0,0,
4,1,0,0,
2,0,0,0,
1,1,0,0,
6,1,0,0,
6,1,0,0,
1,1,0,0,
2,0,0,0,
3,1,0,0,
1,1,0,0,
4,1,0,0,
6,1,0,0,
1,1,0,0,
3,0,0,0,
5,1,0,0,
2,1,0,0,
4,2,0,0,
5,4,0,0,
6,0,0,0,
3,2,0,0,
4,1,0,0,
6,1,0,0,
1,0,0,0,
2,0,0,0,
3,1,0,0,
6,0,0,0,
7,1,0,0,
1,4,0,0,
2,2,0,0,
3,1,0,0,
1,0,0,1,RG Sharma
1,0,0,0,
4,0,0,0,
5,0,0,0,
6,0,0,0,
2,1,0,0,
4,0,0,0,
5,1,0,0,
1,0,0,0,
2,0,0,0,
3,1,0,0,
5,0,0,0,
6,1,0,0,
1,1,0,0,
4,0,0,0,
5,0,0,0,
6,4,0,0,
3,0,0,0,
4,0,0,0,
5,1,0,0,
4,0,0,1,RG Sharma
4,0,0,0,
5,1,0,0,
1,0,0,0,
2,1,0,0,
6,0,0,0,
6,0,0,0,
2,1,0,0,
6,1,0,0,
1,1,0,0,
3,1,0,0,
6,1,0,0,
1,1,0,0,
4,1,0,0,
3,0,0,1,RG Sharma
1,0,0,0,
2,1,0,0,
4,0,0,0,
5,4,0,0,
6,1,0,0,
1,0,0,0,
2,0,0,1,RG Sharma
4,6,0,0,
5,0,0,0,
6,2,0,0,
7,4,0,0,
8,6,0,0,
6,4,0,0,
2,1,0,0,
4,1,0,0,
2,0,0,0,
3,2,0,0,
4,1,0,0,
6,1,0,0,
1,4,0,0,
2,0,0,0,
2,0,0,0,
3,2,0,0,
4,0,0,0,
5,1,0,0,
1,0,0,0,
2,0,0,0,
3,1,0,0,
1,0,0,0,
2,1,0,0,
4,1,0,0,
6,0,0,0,
4,0,0,0,
5,0,0,0,
6,1,0,0,
1,1,0,0,
3,6,0,0,
4,6,0,0,
5,0,0,0,
6,4,0,0,
3,1,0,0,
5,6,0,0,
6,4,0,0,
7,1,0,0,
1,2,0,0,
2,4,0,0,
3,0,0,0,
4,0,0,1,RG Sharma
3,0,0,0,
4,1,0,0,
6,0,0,0,
3,1,0,0,
6,1,0,0,
1,1,0,0,
3,1,0,0,
5,1,0,0,
2,4,0,0,
3,1,0,0,
6,1,0,0,
1,0,0,1,RG Sharma
1,1,0,0,
5,1,0,0,
1,0,0,0,
2,1,0,0,
2,0,0,0,
3,0,0,0,
4,0,0,0,
5,0,0,0,
6,1,0,0,
2,0,0,0,
3,0,0,0,
4,1,0,0,
2,1,0,0,
1,0,0,0,
2,0,0,0,
3,1,0,0,
5,1,0,0,
1,1,0,0,
3,1,0,0,
6,0,0,0,
2,0,0,0,
3,2,0,0,
4,1,0,0,
2,4,0,0,
3,1,0,0,
6,0,0,0,
5,6,0,0,
6,2,0,0,
7,0,0,0,
8,1,0,0,
1,1,0,0,
3,1,0,0,
6,0,0,0,
2,0,0,1,RG Sharma
6,0,0,0,
1,0,0,0,
5,1,0,0,
1,0,0,0,
2,1,0,0,
6,4,0,0,
2,0,0,0,
3,1,0,0,
5,0,0,0,
6,4,0,0,
3,1,0,0,
6,1,0,0,
1,0,0,0,
2,0,0,1,RG Sharma
6,1,0,0,
1,0,0,1,A Symonds
2,1,0,0,
4,4,0,0,
5,0,0,0,
6,2,0,0,
5,4,0,0,
6,6,0,0,
7,0,0,0,
8,1,0,0,
3,1,0,0,
5,0,0,1,RG Sharma
4,1,0,0,
3,2,0,0,
4,0,0,0,
5,2,0,0,
6,0,0,0,
2,6,0,0,
3,0,0,0,
4,4,0,0,
5,1,0,0,
1,1,0,0,
3,6,0,0,
4,0,0,0,
5,0,0,0,
6,6,0,0,
2,2,0,0,
3,4,0,0,
4,0,0,1,RG Sharma
3,0,0,0,
4,0,0,0,
5,1,0,0,
1,1,0,0,
3,0,0,0,
4,0,0,0,
5,0,0,0,
6,4,0,0,
5,0,0,0,
6,1,0,0,
1,1,0,0,
3,1,0,0,
1,1,0,0,
4,0,0,1,RG Sharma
2,1,0,0,
2,1,0,0,
4,6,0,0,
5,4,0,0,
6,1,0,0,
1,1,0,0,
2,1,0,0,
4,1,0,0,
2,0,0,0,
3,1,0,0,
2,0,0,0,
3,1,0,0,
5,0,0,0,
6,0,0,0,
7,1,0,0,
1,0,0,0,
2,1,0,0,
4,1,0,0,
6,1,0,0,
1,1,0,0,
3,6,0,0,
4,0,0,0,
5,1,0,0,
6,6,0,0,
5,1,0,0,
2,4,0,0,
3,1,0,0,
5,0,0,0,
6,1,0,0,
1,1,0,1,A Symonds
2,0,0,0,
3,1,0,0,
1,1,0,0,
4,1,0,0,
6,1,0,0,
3,1,0,0,
7,0,0,0,
8,1,0,0,
1,1,0,0,
1,1,0,0,
3,1,0,0,
1,0,0,0,
2,2,0,0,
3,1,0,0,
5,1,0,0,
5,4,0,0,
6,4,0,0,
2,0,0,0,
3,2,0,0,
4,4,0,0,
5,2,0,0,
6,6,0,0,
2,1,0,0,
4,1,0,0,
3,1,0,0,
5,0,0,0,
6,2,0,0,
4,0,0,1,RG Sharma
1,0,0,0,
2,6,0,0,
3,0,0,0,
4,1,0,0,
1,1,0,0,
5,1,0,0,
2,0,0,0,
3,1,0,0,
3,1,0,0,
6,0,0,0,
7,1,0,0,
1,0,0,0,
2,0,0,0,
3,0,0,1,RG Sharma
4,1,0,0,
7,1,0,0,
1,2,0,0,
2,1,0,0,
1,0,0,1,RG Sharma
2,0,0,0,
3,1,0,0,
5,1,0,0,
3,2,0,0,
4,0,0,0,
5,0,0,0,
6,1,0,0,
1,0,0,0,
2,1,0,0,
6,2,0,0,
6,4,0,0,
2,0,0,0,
3,0,0,0,
4,1,0,0,
6,4,0,0,
2,1,0,0,
4,0,0,0,
5,6,0,0,
6,0,0,0,
3,1,0,0,
6,4,0,0,
2,0,0,0,
3,2,0,0,
4,1,0,0,
4,1,0,0,
2,2,0,0,
3,0,0,0,
4,4,0,0,
5,4,0,0,
6,4,0,0,
3,1,0,0,
1,4,0,0,
2,1,0,0,
4,0,0,0,
5,6,0,0,
6,1,0,0,
1,1,0,0,
5,1,0,1,Harmeet Singh
6,0,0,1,RG Sharma
5,1,0,0,
2,1,0,0,
4,1,0,0,
6,1,0,0,
5,0,0,0,
6,2,0,0,
6,0,0,0,
1,0,0,0,
2,1,0,0,
5,2,0,0,
1,2,0,0,
2,0,0,0,
3,2,0,0,
4,4,0,0,
5,0,0,0,
6,1,0,0,
1,4,0,0,
2,1,0,0,
4,0,0,1,RG Sharma
6,1,0,0,
1,1,0,0,
5,0,0,0,
6,1,0,0,
1,1,0,0,
2,1,0,0,
5,0,0,1,RG Sharma
2,0,0,0,
3,1,0,0,
5,0,0,0,
6,0,0,0,
2,0,0,0,
3,1,0,0,
1,0,0,0,
1,1,0,0,
6,0,0,0,
5,0,0,0,
6,0,0,0,
2,0,0,0,
3,0,0,0,
4,2,0,0,
5,0,0,0,
6,1,0,0,
1,0,0,0,
2,0,0,0,
3,1,0,0,
6,4,0,0,
5,0,0,0,
6,0,0,0,
2,1,0,0,
4,4,0,0,
5,0,0,0,
6,1,0,0,
1,1,0,0,
5,1,0,0,
2,0,0,0,
3,1,0,0,
7,2,0,0,
6,1,0,0,
1,2,0,0,
2,0,0,0,
3,1,0,0,
2,4,0,0,
3,4,0,0,
4,4,0,0,
5,1,0,0,
1,0,0,0,
2,0,0,0,
3,1,0,1,MD Mishra
5,1,0,0,
5,0,0,0,
6,0,0,0,
6,4,0,0,
2,1,0,0,
4,0,0,0,
5,4,0,0,
6,0,0,0,
1,1,0,0,
5,1,0,0,
2,1,0,0,
5,1,0,0,
1,0,0,1,RG Sharma
5,4,0,0,
6,0,0,0,
7,1,0,0,
1,2,0,0,
2,1,0,0,
5,1,0,0,
3,0,0,0,
4,4,0,0,
5,1,0,0,
1,1,0,0,
3,1,0,0,
5,1,0,0,
3,1,0,0,
5,1,0,0,
2,2,0,0,
3,2,0,0,
4,0,0,0,
5,2,0,0,
6,4,0,0,
7,6,0,0,
6,0,0,0,
6,0,0,0,
2,1,0,0,
4,0,0,0,
5,1,0,0,
2,1,0,0,
5,4,0,0,
6,1,0,0,
1,4,0,0,
2,6,0,0,
3,1,0,0,
3,0,0,0,
4,4,0,0,
5,0,0,0,
6,1,0,0,
1,1,0,0,
3,6,0,0,
4,1,0,0,
1,1,0,0,
2,0,0,0,
3,0,0,0,
4,1,0,0,
2,0,0,0,
3,1,0,0,
5,1,0,0,
1,4,0,0,
2,4,0,0,
3,0,0,0,
4,0,0,1,RG Sharma
6,0,0,0,
2,1,0,0,
4,1,0,0,
6,0,0,0,
2,0,0,1,RG Sharma
2,0,0,0,
2,0,0,1,RG Sharma
3,0,0,0,
4,0,0,0,
3,0,0,0,
4,0,0,0,
6,0,0,0,
3,1,0,0,
6,1,0,0,
1,0,0,0,
2,0,0,0,
3,0,0,0,
4,1,0,0,
6,0,0,0,
3,1,0,0,
6,1,0,0,
1,0,0,0,
2,0,0,0,
3,1,0,0,
6,1,0,0,
1,4,0,0,
2,4,0,0,
3,1,0,0,
7,4,0,0,
2,1,0,0,
4,0,0,0,
5,0,0,0,
6,0,0,0,
2,1,0,0,
6,0,0,0,
7,2,0,0,
1,1,0,0,
1,0,0,0,
2,1,0,0,
5,1,0,0,
5,0,0,0,
6,0,0,0,
4,1,0,0,
2,0,0,0,
3,4,0,0,
4,1,0,0,
1,1,0,0,
5,1,0,0,
4,0,0,0,
5,0,0,0,
6,0,0,0,
2,0,0,0,
3,2,0,0,
4,1,0,0,
6,1,0,0,
1,1,0,0,
3,1,0,0,
6,6,0,0,
5,4,0,0,
6,4,0,0,
2,0,0,0,
3,4,0,0,
4,0,0,0,
5,1,0,0,
1,0,0,0,
2,0,0,0,
3,1,0,0,
7,6,0,0,
4,2,0,0,
5,1,0,0,
1,1,0,0,
7,1,0,0,
1,1,0,0,
4,0,0,0,
5,0,0,0,
6,1,0,0,
1,0,0,0,
2,0,0,0,
3,4,0,0,
4,0,0,0,
5,0,0,0,
6,0,0,0,
7,1,0,0,
4,1,0,0,
6,4,0,0,
7,4,0,0,
4,1,0,0,
7,1,0,0,
1,1,0,0,
3,1,0,0,
6,1,0,0,
1,6,0,0,
2,1,0,0,
1,4,0,0,
2,1,0,0,
5,4,0,0,
6,1,0,0,
1,1,0,0,
5,0,0,0,
6,1,0,0,
1,0,0,0,
2,1,0,0,
5,0,0,0,
6,6,0,0,
2,6,0,0,
3,2,0,0,
4,6,0,0,
5,1,0,0,
2,0,0,1,RG Sharma
5,0,0,0,
6,0,0,0,
2,0,0,0,
3,1,0,0,
6,0,0,0,
5,1,0,0,
1,0,0,0,
2,1,0,0,
4,0,0,0,
5,1,0,0,
2,0,0,0,
3,4,0,0,
4,2,0,0,
5,0,0,0,
6,2,0,0,
4,1,0,0,
6,1,0,0,
1,0,0,0,
2,0,0,0,
3,1,0,0,
5,1,0,0,
1,4,0,0,
2,1,0,0,
4,4,0,0,
5,1,0,0,
4,4,0,0,
5,1,0,0,
1,1,0,0,
4,1,0,0,
1,6,0,0,
2,1,0,0,
4,6,0,0,
5,6,0,0,
6,4,0,0,
3,0,0,0,
4,0,0,0,
5,1,0,0,
1,0,0,0,
2,0,0,0,
3,0,0,0,
4,0,0,0,
5,1,0,0,
2,0,0,0,
3,1,0,0,
6,1,0,0,
1,0,0,0,
2,1,0,0,
5,0,0,0,
6,1,0,0,
2,4,0,0,
3,1,0,0,
6,1,0,0,
1,1,0,0,
4,0,0,0,
5,0,0,0,
6,0,0,1,RG Sharma
5,0,0,0,
6,1,0,0,
1,1,0,0,
3,4,0,0,
4,1,0,0,
3,1,0,0,
5,1,0,0,
1,4,0,0,
2,1,0,0,
4,4,0,0,
5,0,0,1,RG Sharma
3,1,0,0,
5,1,0,0,
2,0,0,0,
3,0,0,0,
4,0,0,0,
5,1,0,0,
2,1,0,0,
5,1,0,0,
1,1,0,0,
3,1,0,0,
5,1,0,0,
1,0,0,0,
2,0,0,0,
3,1,0,0,
6,1,0,0,
1,0,0,0,
2,1,0,0,
6,1,0,0,
1,0,0,0,
2,0,0,1,RG Sharma
2,1,0,0,
1,0,0,0,
2,1,0,0,
4,1,0,0,
6,1,0,0,
1,0,0,0,
2,0,0,0,
3,1,0,0,
6,1,0,0,
3,1,0,0,
5,1,0,0,
2,0,0,0,
3,2,0,0,
4,2,0,0,
5,3,0,0,
1,1,0,0,
2,1,0,0,
6,0,0,0,
1,0,0,0,
2,6,0,0,
3,1,0,0,
6,6,0,0,
2,4,0,0,
3,2,0,0,
4,0,0,0,
5,4,0,0,
6,1,0,0,
1,0,0,0,
2,0,0,1,RG Sharma
1,1,0,0,
4,6,0,0,
5,1,0,0,
5,0,0,0,
6,0,0,0,
2,0,0,0,
3,4,0,0,
4,1,0,0,
6,0,0,1,RG Sharma
2,0,0,0,
3,0,0,0,
4,0,0,0,
5,4,0,0,
6,0,0,0,
3,0,0,1,RG Sharma
2,2,0,0,
3,6,0,0,
4,1,0,0,
1,1,0,0,
3,1,0,0,
5,4,0,0,
6,1,0,0,
1,1,0,0,
3,1,0,0,
5,0,0,0,
6,1,0,0,
1,1,0,0,
2,2,0,0,
3,0,0,0,
5,1,0,0,
1,1,0,0,
3,0,0,0,
4,0,0,0,
5,1,0,0,
1,1,0,0,
4,0,0,1,RG Sharma
1,0,0,0,
2,0,0,0,
3,2,0,0,
4,0,0,0,
5,1,0,0,
1,0,0,0,
2,1,0,0,
5,0,0,0,
6,4,0,0,
5,4,0,0,
6,0,0,0,
2,0,0,0,
3,1,0,0,
2,2,0,0,
3,2,0,0,
4,1,0,0,
6,4,0,0,
2,1,0,0,
5,1,0,0,
1,1,0,0,
4,1,0,0,
1,0,0,0,
2,0,0,0,
3,1,0,0,
5,0,0,0,
6,0,0,0,
7,1,0,0,
1,4,0,0,
2,1,0,0,
4,1,0,0,
6,1,0,0,
1,0,0,0,
2,4,0,0,
3,0,0,0,
4,2,0,0,
5,1,0,0,
2,0,0,1,RG Sharma
1,0,0,0,
4,1,0,0,
2,1,0,0,
3,0,0,0,
3,1,0,0,
6,0,0,0,
2,1,0,0,
4,4,0,0,
4,1,0,0,
1,1,0,0,
3,1,0,0,
5,0,0,0,
6,1,0,0,
1,1,0,0,
4,0,0,1,RG Sharma
6,0,0,0,
2,0,0,0,
3,0,0,1,RG Sharma
6,0,0,0,
7,0,0,0,
8,0,0,1,RG Sharma
3,1,0,0,
5,0,0,0,
6,0,0,0,
6,1,0,0,
1,0,0,0,
2,0,0,0,
3,0,0,0,
4,0,0,0,
5,1,0,0,
1,0,0,0,
2,1,0,0,
1,4,0,0,
2,0,0,0,
3,1,0,0,
6,6,0,0,
2,0,0,0,
3,0,0,0,
3,1,0,0,
6,0,0,0,
3,1,0,0,
5,4,0,0,
6,0,0,0,
2,1,0,0,
5,1,0,0,
2,1,0,0,
4,0,0,0,
5,4,0,0,
6,1,0,0,
1,1,0,0,
5,1,0,0,
1,0,0,0,
2,1,0,0,
5,2,0,0,
6,6,0,0,
4,4,0,0,
5,1,0,0,
2,1,0,0,
1,1,0,0,
5,0,0,0,
6,1,0,0,
1,1,0,0,
3,1,0,0,
6,1,0,0,
1,6,0,0,
2,0,0,0,
3,0,0,0,
4,6,0,0,
5,1,0,0,
2,1,0,0,
4,1,0,0,
6,1,0,0,
1,1,0,0,
4,6,0,0,
3,0,0,0,
4,0,0,0,
5,0,0,1,RG Sharma
4,4,0,0,
5,1,0,0,
1,2,0,0,
2,4,0,0,
3,1,0,0,
1,0,0,0,
2,2,0,0,
3,0,0,0,
4,6,0,0,
5,1,0,0,
6,0,0,0,
4,4,0,0,
5,1,0,0,
3,0,0,0,
1,0,0,0,
2,1,0,0,
5,0,0,0,
6,0,0,0,
2,0,0,0,
3,0,0,1,RG Sharma
4,1,0,0,
6,1,0,0,
1,1,0,0,
4,0,0,0,
5,0,0,0,
6,0,0,0,
3,1,0,0,
1,0,0,0,
2,4,0,0,
3,4,0,0,
4,1,0,0,
1,0,0,0,
2,0,0,0,
3,1,0,0,
7,4,0,0,
2,1,0,0,
4,4,0,0,
2,0,0,0,
3,1,0,0,
6,1,0,0,
1,0,0,0,
2,0,0,1,RG Sharma
6,0,0,0,
2,0,0,0,
3,4,0,0,
4,1,0,0,
6,1,0,0,
1,1,0,0,
4,1,0,0,
6,1,0,0,
1,6,0,0,
2,0,0,1,RG Sharma
3,1,0,0,
6,6,0,0,
2,0,0,0,
3,0,0,0,
4,0,0,0,
5,1,0,0,
3,0,0,0,
4,2,0,0,
5,1,0,0,
3,1,0,0,
1,1,0,0,
5,1,0,0,
1,0,0,0,
2,1,0,0,
4,6,0,0,
5,2,0,0,
6,1,0,0,
1,4,0,0,
2,2,0,0,
6,4,0,0,
4,1,0,0,
4,6,0,0,
5,0,0,0,
6,4,0,0,
4,1,0,0,
1,1,0,0,
1,0,0,1,RG Sharma
5,0,0,0,
6,0,0,0,
7,2,0,0,
2,0,0,0,
3,0,0,0,
4,0,0,0,
5,4,0,0,
6,0,0,0,
5,0,0,0,
6,1,0,0,
1,4,0,0,
2,1,0,0,
2,0,0,0,
3,0,0,0,
4,0,0,0,
5,0,0,0,
6,0,0,0,
7,0,0,0,
5,0,0,0,
6,0,0,0,
4,1,0,0,
6,1,0,0,
1,1,0,0,
3,1,0,0,
5,4,0,0,
6,0,0,1,RG Sharma
1,0,0,0,
2,1,0,0,
5,0,0,0,
6,0,0,0,
7,1,0,0,
1,1,0,0,
3,6,0,0,
4,0,0,0,
5,1,0,0,
1,0,0,0,
2,1,0,0,
1,0,0,0,
2,2,0,0,
3,1,0,0,
6,1,0,0,
1,0,0,0,
2,0,0,0,
3,0,0,0,
4,4,0,0,
5,1,0,0,
7,0,0,0,
2,0,0,0,
3,1,0,0,
1,1,0,0,
6,1,0,0,
1,1,0,0,
3,1,0,0,
5,0,0,0,
6,0,0,1,RG Sharma
3,0,0,0,
4,4,0,0,
5,0,0,0,
6,2,0,0,
1,0,0,0,
2,1,0,0,
4,1,0,0,
6,4,0,0,
7,1,0,0,
1,0,0,0,
2,0,0,0,
3,6,0,0,
4,1,0,0,
6,0,0,0,
4,1,0,0,
6,1,0,0,
1,1,0,0,
3,4,0,0,
4,1,0,0,
1,1,0,0,
3,0,0,0,
4,1,0,0,
1,1,0,0,
3,1,0,0,
1,1,0,0,
6,0,0,1,RG Sharma
2,0,0,0,
3,1,0,0,
5,1,0,0,
2,0,0,0,
3,1,0,0,
5,1,0,0,
1,0,0,0,
2,1,0,0,
1,0,0,0,
2,4,0,0,
3,0,0,0,
4,1,0,0,
6,6,0,0,
2,0,0,0,
3,0,0,0,
4,1,0,0,
1,4,0,0,
2,1,0,0,
4,4,0,0,
5,0,0,0,
6,0,0,0,
5,1,0,0,
4,0,0,0,
5,0,0,0,
6,0,0,1,RG Sharma
3,0,0,0,
3,0,0,0,
4,1,0,0,
1,0,0,0,
2,0,0,0,
3,6,0,0,
4,1,0,0,
1,0,0,0,
2,4,0,0,
3,0,0,0,
4,4,0,0,
5,0,0,0,
6,6,0,0,
5,1,0,0,
1,1,0,0,
3,1,0,0,
2,1,0,0,
4,1,0,0,
3,0,0,0,
4,4,0,0,
5,1,0,0,
1,6,0,0,
2,4,0,0,
3,0,0,0,
4,4,0,0,
5,0,0,0,
6,1,0,0,
2,0,0,0,
4,1,0,0,
1,1,0,0,
3,0,0,0,
4,1,0,0,
2,4,0,0,
3,1,0,0,
6,1,0,0,
6,1,0,0,
1,4,0,0,
2,1,0,0,
4,2,0,0,
5,0,0,0,
6,1,0,0,
1,0,0,0,
2,1,0,0,
4,0,0,0,
1,4,0,0,
2,6,0,0,
3,0,0,0,
4,4,0,0,
5,1,0,0,
7,1,0,0,
1,1,0,0,
4,1,0,0,
2,0,0,0,
3,1,0,0,
5,2,0,0,
6,2,0,0,
1,4,0,0,
2,0,0,0,
3,4,0,0,
4,6,0,0,
5,4,0,0,
6,1,0,0,
1,1,0,0,
3,0,0,0,
4,1,0,0,
7,0,0,0,
3,0,0,0,
4,0,0,1,RG Sharma
1,0,0,0,
2,4,0,0,
3,1,0,0,
5,0,0,1,RG Sharma
5,0,0,0,
2,1,0,0,
5,1,0,0,
1,0,0,0,
2,0,0,0,
3,0,0,0,
4,1,0,0,
1,2,0,0,
2,1,0,0,
4,1,0,0,
6,0,0,0,
2,4,0,0,
1,0,0,0,
2,0,0,0,
3,1,0,0,
5,1,0,0,
1,1,0,0,
3,0,0,0,
4,2,0,0,
5,2,0,0,
6,1,0,0,
1,0,0,0,
2,1,0,0,
5,1,0,0,
4,1,0,0,
6,1,0,0,
1,0,0,0,
2,1,0,0,
4,0,0,0,
6,1,0,0,
1,0,0,1,RG Sharma
7,0,0,0,
3,0,0,0,
4,1,0,0,
2,0,0,0,
2,0,0,0,
3,2,0,0,
4,0,0,1,RG Sharma
3,1,0,0,
6,2,0,0,
3,4,0,0,
4,1,0,0,
3,0,0,0,
4,0,0,0,
5,0,0,0,
6,4,0,0,
7,1,0,0,
1,0,0,0,
2,1,0,0,
4,1,0,0,
4,1,0,0,
1,0,0,1,RG Sharma
1,0,0,0,
7,6,0,0,
3,1,0,0,
5,0,0,0,
1,1,0,0,
3,1,0,0,
6,1,0,0,
1,1,0,0,
3,0,0,0,
4,0,0,0,
5,0,0,0,
6,0,0,0,
7,0,0,0,
5,1,0,0,
1,0,0,0,
2,1,0,0,
4,1,0,0,
4,1,0,0,
1,4,0,0,
2,4,0,0,
3,1,0,0,
6,4,0,0,
2,0,0,0,
3,1,0,0,
7,1,0,0,
1,4,0,0,
2,0,0,0,
6,1,0,0,
1,1,0,0,
3,0,0,0,
4,0,0,0,
5,1,0,0,
1,1,0,0,
5,1,0,0,
1,6,0,0,
2,1,0,0,
5,1,0,0,
1,1,0,0,
1,0,0,0,
4,0,0,0,
5,0,0,0,
2,0,0,0,
3,1,0,0,
6,1,0,0,
1,2,0,0,
2,1,0,0,
6,1,0,0,
1,1,0,0,
2,6,0,0,
3,6,0,0,
4,1,0,0,
6,6,0,0,
4,1,0,0,
6,1,0,0,
1,1,0,0,
4,1,0,0,
2,4,0,0,
3,0,0,0,
4,1,0,0,
6,0,0,0,
4,1,0,0,
4,0,0,0,
5,0,0,0,
6,1,0,0,
1,1,0,0,
5,1,0,0,
5,0,0,0,
6,2,0,0,
6,0,0,0,
7,1,0,0,
1,2,0,0,
2,6,0,0,
3,6,0,0,
4,0,0,0,
5,2,0,0,
6,1,0,0,
5,4,0,0,
6,6,0,0,
3,4,0,0,
4,1,0,0,
2,1,0,0,
4,6,0,0,
5,6,0,0,
6,1,0,0,
4,1,0,0,
1,0,0,1,RG Sharma
4,1,0,0,
7,0,0,0,
2,0,0,0,
3,0,0,0,
6,0,0,0,
4,1,0,0,
6,1,0,0,
1,4,0,0,
2,2,0,0,
3,4,0,0,
4,1,0,0,
5,4,0,0,
6,1,0,0,
1,4,0,0,
2,1,0,0,
4,4,0,0,
5,1,0,0,
5,1,0,0,
3,0,0,0,
4,1,0,0,
2,0,0,0,
3,6,0,0,
4,0,0,0,
5,0,0,0,
6,6,0,0,
7,1,0,0,
1,1,0,0,
5,6,0,0,
6,0,0,1,RG Sharma
3,0,0,0,
4,0,0,0,
5,0,0,0,
6,1,0,0,
1,1,0,0,
3,1,0,0,
1,1,0,0,
5,1,0,0,
2,1,0,0,
4,0,0,0,
5,6,0,0,
6,1,0,0,
1,0,0,0,
2,1,0,0,
4,0,0,0,
5,2,0,0,
6,0,0,0,
2,1,0,0,
5,0,0,0,
6,6,0,0,
5,1,0,0,
2,1,0,0,
5,0,0,0,
6,1,0,0,
1,1,0,0,
3,0,0,0,
4,6,0,0,
5,0,0,0,
6,6,0,0,
3,1,0,0,
6,1,0,0,
1,0,0,0,
2,1,0,0,
4,1,0,0,
4,2,0,0,
5,1,0,0,
1,1,0,0,
4,4,0,0,
5,0,0,0,
6,0,0,1,RG Sharma
6,1,0,0,
1,1,0,0,
3,1,0,0,
2,0,0,0,
3,1,0,0,
5,0,0,0,
6,1,0,0,
1,1,0,0,
2,4,0,0,
3,1,0,0,
5,1,0,0,
1,1,0,0,
4,0,0,0,
5,1,0,0,
2,1,0,0,
5,1,0,1,RG Sharma
5,1,0,0,
1,0,0,0,
2,1,0,0,
5,2,0,0,
6,0,0,0,
3,1,0,0,
5,0,0,0,
6,4,0,0,
3,1,0,0,
5,0,0,0,
6,1,0,0,
4,4,0,0,
5,1,0,0,
3,1,0,0,
1,1,0,0,
5,0,0,0,
6,1,0,0,
1,1,0,0,
3,1,0,0,
6,0,0,0,
2,4,0,0,
3,6,0,0,
4,1,0,0,
1,4,0,0,
2,1,0,0,
4,6,0,0,
5,1,0,0,
2,6,0,0,
3,1,0,0,
8,0,0,0,
3,0,0,0,
4,1,0,0,
6,1,0,0,
1,6,0,0,
2,0,0,0,
3,6,0,0,
4,0,0,0,
5,6,0,0,
6,4,0,0,
7,4,0,0,
3,1,0,0,
6,1,0,0,
1,2,0,0,
2,2,0,0,
3,1,0,0,
6,1,0,0,
1,1,0,0,
4,0,0,0,
5,0,0,0,
6,1,0,0,
1,1,0,0,
3,1,0,0,
5,1,0,0,
1,0,0,1,RG Sharma
6,0,0,0,
3,0,0,0,
4,0,0,0,
5,4,0,0,
6,4,0,0,
2,0,0,0,
3,0,0,0,
4,1,0,0,
2,1,0,0,
6,0,0,0,
5,1,0,0,
7,1,0,0,
1,4,0,0,
2,2,0,0,
3,1,0,0,
1,1,0,0,
6,1,0,0,
1,1,0,0,
4,0,0,0,
5,1,0,0,
1,0,0,0,
2,0,0,0,
3,1,0,0,
5,1,0,0,
4,1,0,0,
1,1,0,0,
3,1,0,0,
5,4,0,0,
6,1,0,0,
1,0,0,0,
2,6,0,0,
3,2,0,0,
4,1,0,0,
1,4,0,0,
2,0,0,0,
3,2,0,0,
4,0,0,0,
5,0,0,0,
6,0,0,0,
4,1,0,0,
6,0,0,0,
3,1,0,0,
2,1,0,0,
4,4,0,0,
5,0,0,0,
6,6,0,0,
3,2,0,0,
4,0,0,0,
5,1,0,0,
1,0,0,1,RG Sharma
4,1,0,0,
1,1,0,0,
1,0,0,0,
2,1,0,0,
1,1,0,0,
3,0,0,0,
4,1,0,0,
1,1,0,0,
3,1,0,0,
5,0,0,0,
6,1,0,0,
1,0,0,0,
2,0,0,0,
3,4,0,0,
4,0,0,0,
5,1,0,0,
1,1,0,0,
3,1,0,0,
5,1,0,0,
1,4,0,0,
2,0,0,0,
3,1,0,0,
5,1,0,0,
2,1,0,0,
4,0,0,0,
5,0,0,0,
6,1,0,0,
1,1,0,0,
5,2,0,0,
6,0,0,0,
7,1,0,0,
1,1,0,0,
4,1,0,0,
5,1,0,0,
2,0,0,0,
3,0,0,0,
4,4,0,0,
5,1,0,0,
6,1,0,0,
1,0,0,0,
2,0,0,1,RG Sharma
4,0,0,0,
6,0,0,0,
5,1,0,0,
1,0,0,0,
2,1,0,0,
4,1,0,0,
6,0,0,0,
2,0,0,0,
3,6,0,0,
4,1,0,0,
3,0,0,0,
4,1,0,0,
1,6,0,0,
2,1,0,0,
1,1,0,0,
2,1,0,0,
1,1,0,0,
5,2,0,0,
6,0,0,0,
3,4,0,0,
4,1,0,0,
2,1,0,0,
4,1,0,0,
5,4,0,0,
6,0,0,1,RG Sharma
5,1,0,0,
1,1,0,0,
3,1,0,0,
1,6,0,0,
2,1,0,0,
1,1,0,0,
5,4,0,0,
6,1,0,0,
1,0,0,0,
2,0,0,0,
3,1,0,0,
5,0,0,0,
6,0,0,1,RG Sharma
5,4,0,0,
6,1,0,0,
1,0,0,0,
2,1,0,0,
4,1,0,0,
6,0,0,0,
4,0,0,0,
1,0,0,0,
2,0,0,0,
6,1,0,0,
3,0,0,0,
4,0,0,0,
2,0,0,0,
3,1,0,0,
5,0,0,0,
6,0,0,1,RG Sharma
4,0,0,0,
5,0,0,0,
6,1,0,0,
1,0,0,0,
2,0,0,0,
3,0,0,0,
4,1,0,0,
6,1,0,0,
1,2,0,0,
2,1,0,0,
5,1,0,0,
2,0,0,0,
3,0,0,0,
4,0,0,0,
5,0,0,0,
6,1,0,0,
1,1,0,0,
4,0,0,0,
5,0,0,1,RG Sharma
2,0,0,0,
3,1,0,0,
1,1,0,0,
1,0,0,0,
2,0,0,1,RG Sharma
1,0,0,0,
2,1,0,0,
4,1,0,0,
3,2,0,0,
4,1,0,0,
1,1,0,0,
4,1,0,0,
1,1,0,0,
5,1,0,0,
1,6,0,0,
2,0,0,1,RG Sharma
2,1,0,0,
6,1,0,0,
1,2,0,0,
2,2,0,0,
3,0,0,0,
4,2,0,0,
1,2,0,0,
2,1,0,0,
5,1,0,0,
3,1,0,0,
2,0,0,0,
3,0,0,0,
4,1,0,0,
1,0,0,1,RG Sharma
5,0,0,0,
6,1,0,0,
1,0,0,0,
2,1,0,0,
1,0,0,0,
2,0,0,0,
3,0,0,0,
4,0,0,0,
5,2,0,0,
6,4,0,0,
3,1,0,0,
3,1,0,0,
6,0,0,0,
2,0,0,0,
3,1,0,0,
5,1,0,0,
1,6,0,0,
2,1,0,0,
4,1,0,0,
2,0,0,0,
3,1,0,0,
5,0,0,0,
6,1,0,0,
1,1,0,0,
3,4,0,0,
4,6,0,0,
5,1,0,0,
1,2,0,0,
2,0,0,0,
3,1,0,0,
5,1,0,0,
4,2,0,0,
5,4,0,0,
6,1,0,0,
1,1,0,0,
3,1,0,0,
5,1,0,0,
3,1,0,0,
6,0,0,0,
2,1,0,0,
4,0,0,1,RG Sharma
4,0,0,1,RG Sharma
2,1,0,0,
1,1,0,0,
3,1,0,0,
5,1,0,0,
3,0,0,0,
4,0,0,0,
5,1,0,0,
1,0,0,0,
2,0,0,1,RG Sharma
7,0,0,0,
2,0,0,0,
3,0,0,0,
4,0,0,0,
5,0,0,0,
6,6,0,0,
1,0,0,0,
2,1,0,0,
4,0,0,0,
5,0,0,0,
6,4,0,0,
7,0,0,0,
3,4,0,0,
5,4,0,0,
6,0,0,0,
2,4,0,0,
3,0,0,1,RG Sharma
1,0,0,0,
4,1,0,0,
6,1,0,0,
1,1,0,0,
4,0,0,0,
5,1,0,0,
1,0,0,0,
2,0,0,0,
3,1,0,0,
1,0,0,0,
2,0,0,0,
3,1,0,0,
6,1,0,0,
1,6,0,0,
2,1,0,0,
2,1,0,0,
2,0,0,0,
3,1,0,0,
8,0,0,0,
3,1,0,0,
5,0,0,0,
6,1,0,0,
1,1,0,0,
5,1,0,0,
1,0,0,0,
2,1,0,0,
5,0,0,0,
6,1,0,0,
1,0,0,0,
2,1,0,0,
5,1,0,0,
1,1,0,0,
4,1,0,0,
6,2,0,0,
3,1,0,0,
5,1,0,0,
3,0,0,0,
4,0,0,0,
5,1,0,0,
1,1,0,0,
6,4,0,0,
2,0,0,0,
1,1,0,0,
3,6,0,0,
4,1,0,0,
1,6,0,0,
2,4,0,0,
3,6,0,0,
4,2,0,0,
5,6,0,0,
6,0,0,0,
3,0,0,0,
4,1,0,0,
6,2,0,0,
7,4,0,0,
2,2,0,0,
3,0,0,0,
4,1,0,0,
2,0,0,0,
3,4,0,0,
4,0,0,0,
5,1,0,0,
1,1,0,0,
5,0,0,0,
6,2,0,0,
2,1,0,0,
4,1,0,0,
6,2,0,0,
2,1,0,0,
4,0,0,1,RG Sharma
6,1,0,0,
1,1,0,0,
4,0,0,0,
5,1,0,0,
6,0,0,0,
5,1,0,0,
5,4,0,0,
6,4,0,0,
2,1,0,0,
4,4,0,0,
6,1,0,0,
5,0,0,0,
4,0,0,0,
1,0,0,0,
2,1,0,0,
2,0,0,0,
3,1,0,0,
3,1,0,0,
5,0,0,0,
5,1,0,0,
1,2,0,0,
3,0,0,0,
4,1,0,0,
2,0,0,0,
3,1,0,0,
6,1,0,0,
1,0,0,0,
2,0,0,0,
6,4,0,0,
2,0,0,0,
3,1,0,0,
5,1,0,0,
1,0,0,0,
2,2,0,0,
3,6,0,0,
4,0,0,0,
5,6,0,0,
6,1,0,0,
1,1,0,0,
6,4,0,0,
2,1,0,0,
4,2,0,0,
5,0,0,0,
6,0,0,0,
2,1,0,0,
1,0,0,0,
2,0,0,0,
3,1,0,0,
6,4,0,0,
2,0,0,0,
3,0,0,0,
4,0,0,0,
5,1,0,0,
4,4,0,0,
5,1,0,0,
2,0,0,1,RG Sharma
1,0,0,0,
2,1,0,0,
6,4,0,0,
2,0,0,0,
3,0,0,0,
4,6,0,0,
5,0,0,0,
6,0,0,0,
4,0,0,0,
5,4,0,0,
6,1,0,0,
1,1,0,0,
3,6,0,0,
4,1,0,0,
2,6,0,0,
3,6,0,0,
4,0,0,0,
5,4,0,0,
6,0,0,1,RG Sharma
6,1,0,0,
1,0,0,0,
2,0,0,0,
3,0,0,0,
4,0,0,0,
5,0,0,0,
6,1,0,0,
1,1,0,0,
3,0,0,0,
4,0,0,0,
5,1,0,0,
5,4,0,0,
6,2,0,0,
6,0,0,0,
7,1,0,0,
1,1,0,0,
4,1,0,0,
6,0,0,0,
3,0,0,1,RG Sharma
4,1,0,0,
3,4,0,0,
1,0,0,0,
2,1,0,0,
4,1,0,0,
2,1,0,0,
4,1,0,0,
1,4,0,0,
2,0,0,1,RG Sharma
1,1,0,0,
3,1,0,0,
2,4,0,0,
3,4,0,0,
4,2,0,0,
5,0,0,0,
6,1,0,0,
1,1,0,0,
3,4,0,0,
4,1,0,0,
6,0,0,1,MEK Hussey
1,2,0,0,
2,0,0,0,
3,1,0,0,
1,0,0,0,
2,1,0,0,
4,6,0,0,
5,0,0,0,
2,1,0,0,
5,1,0,0,
1,1,0,0,
7,1,0,0,
1,1,0,0,
1,4,0,0,
2,0,0,1,RG Sharma
4,0,0,0,
5,0,0,0,
6,0,0,0,
6,4,0,0,
3,2,0,0,
4,0,0,0,
5,1,0,0,
1,1,0,0,
3,4,0,0,
4,0,0,0,
5,1,0,0,
1,1,0,0,
3,1,0,0,
5,1,0,0,
2,4,0,0,
3,0,0,1,RG Sharma
3,6,0,0,
4,1,0,0,
4,4,0,0,
5,1,0,0,
1,0,0,0,
2,1,0,0,
4,1,0,0,
6,0,0,0,
4,0,0,0,
5,0,0,0,
6,1,0,0,
1,4,0,0,
2,0,0,0,
3,0,0,0,
4,4,0,0,
5,0,0,0,
6,4,0,0,
4,0,0,0,
5,1,0,0,
2,0,0,0,
3,6,0,0,
4,1,0,0,
1,4,0,0,
2,0,0,0,
3,0,0,0,
4,1,0,0,
1,1,0,0,
2,0,0,0,
3,0,0,0,
4,0,0,0,
5,4,0,0,
6,1,0,0,
1,0,0,0,
2,0,0,0,
3,1,0,0,
6,1,0,0,
1,2,0,0,
2,1,0,0,
5,1,0,0,
1,1,0,0,
5,1,0,0,
1,0,0,0,
2,1,0,0,
4,0,0,0,
5,1,0,0,
1,1,0,0,
3,1,0,0,
5,0,0,0,
6,0,0,0,
3,4,0,0,
4,4,0,0,
5,6,0,0,
6,4,0,0,
2,0,0,0,
3,0,0,0,
4,4,0,0,
5,1,0,0,
1,1,0,0,
3,0,0,0,
4,4,0,0,
5,6,0,0,
6,1,0,0,
1,0,0,0,
2,4,0,0,
3,0,0,0,
4,1,0,0,
1,0,0,0,
2,0,0,1,RG Sharma
5,0,0,0,
6,0,0,0,
1,0,0,0,
2,0,0,0,
3,0,0,1,RG Sharma
6,4,0,0,
5,1,0,0,
1,2,0,0,
2,1,0,0,
5,2,0,0,
6,0,0,1,RG Sharma
6,2,0,0,
1,2,0,0,
2,4,0,0,
3,0,0,0,
4,0,0,0,
5,0,0,0,
6,1,0,0,
1,4,0,0,
2,1,0,0,
1,0,0,0,
2,1,0,0,
1,4,0,0,
2,1,0,0,
5,1,0,0,
4,1,0,0,
4,4,0,0,
5,0,0,0,
6,1,0,0,
1,1,0,0,
5,1,0,0,
1,6,0,0,
2,2,0,0,
3,1,0,0,
1,1,0,0,
3,1,0,0,
2,0,0,0,
3,2,0,0,
4,4,0,0,
5,0,0,0,
6,6,0,0,
5,1,0,0,
1,6,0,0,
2,4,0,0,
3,1,0,0,
5,6,0,0,
6,6,0,0,
3,1,0,0,
5,1,0,0,
4,4,0,0,
5,0,0,1,RG Sharma
1,1,0,0,
6,2,0,0,
3,1,0,0,
6,1,0,0,
2,0,0,0,
3,1,0,0,
8,0,0,0,
4,1,0,0,
1,1,0,0,
4,1,0,0,
1,1,0,0,
3,1,0,0,
5,0,0,0,
6,0,0,0,
2,1,0,0,
4,1,0,0,
2,1,0,0,
5,2,0,0,
6,0,0,1,RG Sharma
4,2,0,0,
5,6,0,0,
6,0,0,0,
2,6,0,0,
3,0,0,0,
2,0,0,0,
3,1,0,0,
3,4,0,0,
4,1,0,0,
1,1,0,0,
3,1,0,0,
5,0,0,1,RG Sharma
1,1,0,0,
3,1,0,0,
2,1,0,0,
4,6,0,0,
5,1,0,0,
2,4,0,0,
3,1,0,0,
5,1,0,0,
2,1,0,0,
4,0,0,0,
5,1,0,0,
1,1,0,0,
3,4,0,0,
4,0,0,0,
5,0,0,0,
1,0,0,0,
2,1,0,0,
4,6,0,0,
5,0,0,1,RG Sharma
2,1,0,0,
4,0,0,0,
5,0,0,0,
6,1,0,0,
1,2,0,0,
2,1,0,0,
5,4,0,0,
6,0,0,0,
2,2,0,0,
3,1,0,0,
5,1,0,0,
1,1,0,0,
1,2,0,0,
2,0,0,0,
3,1,0,0,
6,1,0,0,
1,1,0,0,
3,2,0,0,
4,1,0,0,
1,0,0,0,
2,4,0,0,
3,2,0,0,
4,2,0,0,
5,0,0,0,
6,0,0,0,
7,1,0,0,
1,0,0,0,
2,4,0,0,
3,0,0,0,
4,2,0,0,
5,2,0,0,
6,0,0,1,RG Sharma
3,1,0,0,
5,0,0,0,
6,2,0,0,
3,0,0,0,
4,1,0,0,
6,1,0,0,
1,0,0,0,
2,6,0,0,
3,0,0,0,
4,1,0,0,
1,0,0,0,
2,1,0,0,
4,0,0,0,
5,1,0,0,
3,0,0,0,
4,1,0,0,
6,1,0,0,
1,1,0,0,
3,1,0,0,
5,0,0,0,
6,4,0,0,
7,1,0,0,
1,1,0,0,
3,0,0,0,
4,0,0,0,
3,1,0,0,
6,1,0,0,
1,1,0,0,
3,0,0,0,
4,1,0,0,
6,4,0,0,
2,0,0,1,RG Sharma
1,1,0,0,
3,0,0,0,
4,6,0,0,
5,1,0,0,
5,0,0,0,
6,6,0,0,
2,1,0,0,
5,0,0,0,
6,0,0,0,
5,0,0,0,
6,0,0,1,KA Pollard
1,1,0,0,
3,1,0,0,
5,0,0,0,
6,1,0,0,
1,1,0,0,
3,1,0,0,
1,1,0,0,
3,1,0,0,
5,2,0,0,
6,1,0,0,
1,1,0,0,
3,1,0,0,
5,2,0,0,
6,1,0,0,
1,1,0,0,
5,1,0,0,
1,0,0,1,RG Sharma
5,6,0,0,
6,1,0,0,
1,1,0,0,
4,0,0,0,
5,1,0,0,
1,0,0,1,RG Sharma
3,0,0,0,
4,0,0,0,
5,0,0,0,
6,0,0,0,
7,4,0,0,
6,1,0,0,
1,1,0,0,
4,0,0,0,
3,4,0,0,
4,0,0,1,RG Sharma
3,0,0,0,
4,0,0,0,
5,4,0,0,
6,1,0,0,
1,1,0,0,
6,0,0,0,
7,1,0,0,
1,1,0,0,
4,1,0,0,
1,0,0,0,
2,1,0,0,
1,0,0,0,
2,0,0,0,
3,4,0,0,
4,4,0,0,
5,1,0,0,
1,1,0,0,
6,4,0,0,
2,1,0,0,
1,1,0,0,
3,6,0,0,
4,1,0,0,
2,1,0,0,
6,1,0,0,
1,1,0,0,
4,4,0,0,
5,1,0,0,
1,1,0,0,
3,1,0,0,
5,0,0,0,
6,6,0,0,
2,1,0,0,
5,1,0,0,
1,0,0,0,
2,1,0,0,
4,0,0,1,RG Sharma
1,0,0,0,
2,0,0,0,
3,6,0,0,
5,2,0,0,
6,4,0,0,
4,4,0,0,
3,4,0,0,
4,4,0,0,
5,1,0,0,
2,0,0,0,
1,1,0,0,
2,1,0,0,
3,1,0,0,
4,0,0,0,
5,6,0,0,
6,2,0,0,
2,1,0,0,
6,1,0,0,
1,0,0,0,
2,1,0,0,
3,1,0,0,
5,1,0,0,
1,4,0,0,
2,1,0,0,
5,4,0,0,
6,0,0,1,RG Sharma
1,0,0,1,RG Sharma
4,4,0,0,
5,1,0,0,
2,0,0,0,
3,2,0,0,
3,1,0,0,
5,0,0,0,
6,1,0,0,
1,0,0,0,
4,0,0,0,
5,1,0,0,
2,1,0,0,
1,1,0,0,
3,1,0,0,
5,0,0,0,
6,1,0,0,
1,1,0,0,
6,0,0,0,
1,6,0,0,
2,0,0,0,
2,4,0,0,
3,1,0,0,
6,4,0,0,
7,0,0,0,
3,1,0,0,
3,1,0,0,
5,1,0,0,
1,1,0,0,
4,2,0,0,
5,1,0,0,
1,4,0,0,
2,1,0,0,
4,1,0,0,
1,0,0,0,
2,1,0,0,
7,6,1,0,
2,1,0,0,
3,1,0,0,
6,0,0,0,
2,0,0,0,
1,0,0,0,
2,0,0,0,
3,6,0,0,
4,1,0,0,
6,0,0,0,
7,4,0,0,
6,0,0,0,
2,4,0,0,
3,0,0,0,
4,0,0,0,
1,0,0,0,
2,1,0,0,
1,4,0,0,
2,1,0,0,
4,4,0,0,
5,4,0,0,
6,4,0,0,
6,2,0,0,
4,4,0,0,
5,0,0,0,
1,0,0,0,
2,0,0,0,
5,2,0,0,
6,1,0,0,
3,0,0,0,
4,0,0,0,
1,4,0,0,
2,0,0,0,
3,0,0,1,RG Sharma
5,1,0,0,
1,1,0,0,
5,1,0,0,
1,0,0,0,
2,0,0,0,
3,1,0,0,
5,1,0,0,
1,0,0,1,RG Sharma
1,1,0,0,
2,0,0,0,
3,0,0,0,
4,0,0,0,
5,1,0,0,
4,0,0,0,
5,0,0,0,
6,5,0,0,
1,4,0,0,
2,0,0,0,
3,1,0,0,
6,0,0,0,
2,6,0,0,
3,1,0,0,
5,4,0,0,
6,1,0,0,
1,1,0,0,
3,1,0,0,
1,1,0,0,
4,0,0,0,
5,6,0,0,
6,1,0,0,
1,1,0,0,
2,0,0,0,
3,4,0,0,
4,1,0,0,
6,1,0,0,
1,6,0,0,
2,1,0,0,
4,0,0,0,
5,4,0,0,
6,0,0,1,RG Sharma
3,1,0,0,
6,1,0,0,
1,0,0,0,
2,1,0,0,
4,1,0,0,
6,1,0,0,
1,0,0,0,
2,2,0,0,
3,0,0,0,
4,1,0,0,
1,1,0,0,
4,1,0,0,
2,6,0,0,
3,1,0,1,RG Sharma
7,4,0,0,
4,0,0,0,
5,1,0,0,
1,4,0,0,
2,0,0,0,
3,0,0,0,
4,0,0,0,
5,0,0,0,
6,4,0,0,
1,4,0,0,
2,4,0,0,
3,2,0,0,
4,4,0,0,
5,1,0,0,
1,0,0,0,
2,4,0,0,
3,1,0,0,
1,1,0,0,
6,0,0,0,
2,0,0,0,
3,1,0,0,
5,1,0,0,
2,1,0,0,
5,2,0,0,
6,0,0,0,
2,1,0,0,
2,1,0,0,
5,1,0,0,
1,1,0,0,
3,0,0,0,
4,1,0,0,
4,1,0,0,
6,1,0,0,
1,1,0,0,
5,1,0,0,
1,1,0,0,
4,1,0,0,
2,1,0,0,
6,1,0,0,
1,1,0,0,
6,0,0,0,
4,0,0,1,KH Pandya
5,1,0,0,
1,1,0,0,
6,2,0,0,
3,1,0,0,
1,0,0,0,
2,0,0,1,RG Sharma
1,1,0,0,
3,1,0,0,
6,1,0,0,
1,1,0,0,
4,0,0,0,
5,1,0,0,
1,1,0,0,
3,0,0,0,
4,0,0,0,
5,1,0,0,
1,1,0,0,
4,4,0,0,
5,0,0,0,
6,1,0,0,
1,1,0,0,
3,1,0,0,
3,4,0,0,
4,0,0,0,
5,1,0,0,
1,1,0,0,
4,4,0,0,
5,0,0,0,
6,4,0,0,
3,1,0,0,
1,0,0,0,
2,1,0,0,
1,1,0,0,
3,0,0,0,
4,0,0,0,
5,4,0,0,
6,1,0,0,
1,1,0,0,
1,0,0,0,
2,6,0,0,
3,0,0,0,
4,1,0,0,
6,0,0,0,
5,1,0,0,
1,0,0,0,
2,0,0,0,
3,4,0,0,
4,4,0,0,
5,1,0,0,
2,4,0,0,
3,0,0,0,
4,1,0,0,
6,1,0,0,
1,6,0,0,
2,1,0,0,
2,0,0,0,
3,0,0,0,
4,0,0,0,
5,0,0,0,
6,4,0,0,
3,1,0,0,
6,1,0,0,
1,1,0,0,
3,0,0,0,
4,1,0,0,
2,1,0,0,
5,1,0,0,
1,2,0,0,
2,0,0,0,
3,6,0,0,
4,1,0,0,
6,1,0,0,
1,0,0,0,
2,2,0,0,
3,0,0,0,
4,1,0,0,
3,1,0,0,
6,1,0,0,
1,0,0,0,
2,4,0,0,
3,1,0,0,
5,1,0,0,
3,2,0,0,
4,0,0,0,
5,0,0,0,
6,2,0,0,
2,1,0,0,
4,1,0,0,
6,1,0,0,
1,1,0,0,
4,4,0,0,
5,0,0,0,
6,1,0,0,
1,1,0,0,
4,1,0,0,
2,0,0,0,
3,0,0,0,
4,4,0,0,
5,0,0,0,
6,1,0,0,
1,0,0,0,
2,0,0,0,
3,1,0,0,
1,0,0,0,
2,6,0,0,
3,4,0,0,
4,0,0,0,
5,4,0,0,
6,2,0,0,
1,0,0,0,
3,4,0,0,
4,4,0,0,
5,1,0,0,
1,1,0,0,
3,6,0,0,
1,1,0,0,
1,4,0,0,
2,1,0,0,
1,0,0,1,RG Sharma
1,0,0,0,
2,1,0,0,
4,0,0,0,
5,0,0,0,
6,0,0,0,
4,1,0,0,
1,2,0,0,
1,1,0,0,
3,0,0,1,RG Sharma
4,1,0,0,
1,4,0,0,
2,1,0,0,
4,1,0,0,
7,0,0,0,
2,1,0,0,
2,0,0,0,
3,4,0,0,
4,0,0,0,
5,4,0,0,
6,0,0,0,
7,0,0,0,
8,0,0,0,
4,1,0,0,
2,1,0,0,
4,1,0,0,
6,1,0,0,
1,4,0,0,
2,0,0,0,
3,0,0,0,
4,0,0,0,
5,1,0,0,
1,0,0,0,
2,1,0,0,
1,0,0,0,
2,0,0,0,
3,1,0,0,
1,1,0,0,
3,1,0,0,
5,0,0,0,
6,0,0,0,
5,1,0,0,
1,0,0,0,
2,1,0,0,
1,1,0,0,
3,0,0,0,
4,1,0,0,
1,1,0,0,
1,1,0,0,
4,0,0,0,
5,0,0,1,RG Sharma
1,0,0,0,
2,0,0,0,
3,4,0,0,
4,6,0,0,
5,1,0,0,
1,1,0,0,
5,0,0,0,
6,1,0,0,
1,0,0,0,
2,1,0,0,
4,0,0,0,
5,1,0,0,
1,1,0,0,
4,0,0,0,
5,0,0,0,
6,6,0,0,
6,1,0,0,
1,1,0,0,
3,6,0,0,
4,1,0,0,
3,0,0,1,RG Sharma
1,0,0,0,
2,4,0,0,
4,4,0,0,
5,0,0,0,
6,6,0,0,
2,0,0,0,
3,0,0,0,
3,0,0,0,
4,0,0,0,
5,0,0,0,
6,4,0,0,
3,0,0,0,
4,6,0,0,
5,0,0,1,RG Sharma
4,4,0,0,
5,1,0,0,
1,1,0,0,
2,0,0,0,
3,0,0,1,RG Sharma
3,0,0,0,
4,1,0,0,
6,1,0,0,
1,1,0,0,
1,0,0,0,
4,0,0,0,
5,1,0,0,
1,0,0,0,
2,0,0,0,
3,1,0,0,
5,0,0,1,RG Sharma
2,0,0,0,
3,3,0,0,
1,1,0,0,
5,0,0,1,RG Sharma
6,0,0,0,
4,0,0,1,RG Sharma
4,1,0,0,
7,1,0,0,
1,4,0,0,
2,2,0,0,
3,2,0,0,
3,1,0,0,
5,1,0,0,
3,1,0,0,
2,4,0,0,
3,1,0,0,
3,0,0,0,
4,1,0,0,
1,0,0,0,
2,0,0,0,
3,1,0,0,
5,6,0,0,
6,1,0,0,
1,1,0,0,
6,1,0,0,
5,0,0,0,
6,0,0,0,
5,2,0,0,
6,4,0,0,
2,1,0,0,
4,1,0,0,
6,0,0,0,
3,1,0,0,
5,1,0,0,
1,1,0,0,
2,0,0,0,
3,0,0,0,
4,0,0,0,
5,0,0,0,
6,1,0,0,
1,1,0,0,
4,2,0,0,
5,1,0,0,
1,0,0,1,RG Sharma
4,0,0,0,
5,0,0,0,
6,4,0,0,
3,1,0,0,
5,1,0,0,
1,4,0,0,
2,0,0,0,
3,4,0,0,
4,0,0,0,
5,0,0,0,
6,0,0,0,
4,1,0,0,
6,4,0,0,
6,2,0,0,
3,1,0,0,
6,1,0,0,
2,1,0,0,
4,4,0,0,
5,1,0,0,
2,6,0,0,
3,0,0,0,
4,1,0,0,
2,1,0,0,
4,1,0,0,
2,0,0,0,
3,0,0,0,
4,1,0,0,
1,0,0,0,
4,1,0,0,
6,1,0,0,
2,6,0,0,
1,0,0,0,
2,4,0,0,
3,6,0,0,
4,0,0,0,
5,0,0,0,
6,1,0,0,
1,0,0,0,
4,0,0,1,RG Sharma
3,0,0,0,
5,0,0,0,
6,0,0,0,
5,0,0,0,
6,1,0,0,
1,0,0,0,
2,1,0,0,
4,0,0,0,
5,0,0,0,
6,1,0,0,
1,0,0,0,
2,1,0,0,
4,1,0,0,
1,0,0,1,RG Sharma
4,1,0,0,
6,1,0,0,
2,1,0,0,
5,0,0,0,
6,4,0,0,
3,1,0,0,
5,2,0,0,
6,0,0,0,
2,4,0,0,
3,0,0,0,
4,1,0,0,
1,0,0,0,
2,1,0,0,
2,1,0,0,
2,1,0,0,
6,4,0,0,
1,0,0,0,
2,1,0,0,
5,4,0,0,
6,4,0,0,
2,1,0,0,
5,0,0,0,
7,1,0,0,
1,4,0,0,
2,1,0,0,
4,1,0,0,
6,1,0,0,
1,1,0,0,
3,1,0,0,
1,1,0,0,
3,6,0,0,
4,1,0,0,
6,1,0,0,
1,0,0,0,
2,1,0,0,
4,1,0,0,
4,0,0,0,
5,1,0,0,
1,2,0,0,
5,3,0,0,
3,0,0,1,RG Sharma
2,1,0,0,
4,1,0,0,
4,4,0,0,
5,1,0,0,
5,1,0,0,
4,0,0,0,
5,0,0,0,
6,0,0,0,
2,2,0,0,
3,2,0,0,
4,0,0,0,
5,0,0,0,
6,2,0,0,
5,1,0,0,
3,4,0,0,
4,1,0,0,
1,0,0,0,
2,1,0,0,
4,1,0,0,
1,1,0,0,
6,6,0,0,
2,1,0,0,
5,1,0,0,
2,1,0,0,
4,0,0,0,
5,4,0,0,
6,1,0,0,
1,4,0,0,
2,1,0,0,
4,4,0,0,
5,4,0,0,
6,1,0,0,
1,1,0,0,
3,0,0,0,
4,1,0,0,
6,1,0,0,
1,2,0,0,
2,1,0,0,
5,1,0,0,
7,4,0,0,
2,0,0,0,
3,0,0,0,
4,1,0,0,
1,2,0,0,
2,6,0,0,
3,1,0,0,
5,1,0,0,
7,1,0,0,
1,0,0,1,RG Sharma
4,0,0,0,
5,1,0,0,
6,0,0,0,
7,3,0,0,
1,0,0,0,
2,1,0,0,
4,0,0,1,RG Sharma
3,0,0,0,
4,1,0,0,
1,0,0,0,
2,0,0,0,
3,4,0,0,
4,0,0,0,
5,0,0,0,
3,0,0,0,
4,4,0,0,
5,1,0,0,
7,0,0,0,
4,6,0,0,
5,1,0,0,
1,4,0,0,
2,0,0,0,
3,1,0,0,
6,0,0,0,
2,4,0,0,
3,0,0,0,
4,0,0,0,
5,1,0,0,
2,0,0,1,RG Sharma
5,1,0,0,
1,0,0,1,RG Sharma
6,0,0,0,
2,2,0,0,
3,0,0,0,
4,1,0,0,
6,1,0,0,
1,0,0,0,
2,1,0,0,
2,1,0,0,
1,2,0,0,
2,1,0,0,
2,0,0,0,
3,1,0,0,
6,1,0,0,
1,4,0,0,
2,1,0,0,
4,0,0,0,
5,1,0,0,
1,1,0,0,
5,0,0,0,
6,6,0,0,
1,0,0,0,
2,0,0,1,RG Sharma
1,1,0,0,
6,1,0,0,
5,0,0,0,
6,1,0,0,
1,0,0,0,
2,0,0,0,
3,1,0,0,
2,1,0,0,
5,0,0,0,
6,1,0,0,
1,4,0,0,
2,0,0,0,
3,4,0,0,
4,0,0,0,
5,4,0,0,
6,4,0,0,
5,1,0,0,
3,1,0,0,
6,0,0,0,
7,0,0,0,
5,0,0,0,
6,1,0,0,
3,0,0,0,
4,1,0,0,
1,0,0,1,RG Sharma
1,0,0,0,
2,0,0,0,
3,0,0,0,
4,4,0,0,
5,1,0,0,
1,0,0,0,
2,0,0,0,
3,2,0,0,
4,0,0,0,
5,0,0,0,
6,0,0,0,
4,0,0,0,
5,0,0,0,
6,2,0,0,
2,0,0,0,
3,0,0,0,
4,6,0,0,
5,0,0,0,
6,0,0,1,RG Sharma
1,0,0,0,
2,0,0,0,
3,0,0,0,
4,1,0,0,
1,0,0,0,
2,6,0,0,
3,0,0,0,
4,0,0,0,
5,4,0,0,
6,0,0,1,RG Sharma
3,1,0,0,
5,0,0,0,
6,0,0,0,
2,4,0,0,
3,1,0,0,
2,0,0,0,
3,0,0,0,
4,1,0,0,
1,1,0,0,
4,1,0,0,
6,4,0,0,
6,0,0,0,
4,1,0,0,
6,2,0,0,
2,2,0,0,
3,0,0,1,RG Sharma
3,1,0,0,
5,0,0,0,
6,1,0,0,
1,4,0,0,
2,0,0,0,
3,1,0,0,
1,1,0,0,
3,0,0,0,
4,1,0,0,
1,0,0,0,
2,6,0,0,
3,1,0,0,
5,1,0,0,
1,1,0,0,
1,0,0,0,
2,4,0,0,
3,4,0,0,
4,0,0,0,
5,1,0,0,
6,0,0,0,
3,0,0,0,
4,2,0,0,
5,4,0,0,
6,0,0,0,
2,1,0,0,
5,1,0,0,
3,0,0,0,
5,1,0,0,
1,0,0,0,
2,4,0,0,
4,4,0,0,
5,1,0,0,
1,6,0,0,
2,1,0,0,
4,0,0,0,
5,0,0,0,
6,2,0,0,
7,2,0,0,
3,6,0,0,
4,1,0,0,
7,1,0,0,
1,0,0,0,
2,0,0,0,
3,4,0,0,
4,6,0,0,
5,4,0,0,
6,0,0,1,RG Sharma
1,6,0,0,
2,4,0,0,
3,0,0,0,
4,1,0,0,
1,4,0,0,
2,0,0,0,
3,1,0,1,KH Pandya
4,0,0,1,RG Sharma
2,0,0,1,RG Sharma
2,0,0,0,
3,0,0,0,
4,0,0,0,
5,2,0,0,
6,0,0,0,
1,6,0,0,
2,0,0,0,
3,0,0,0,
4,6,0,0,
5,0,0,0,
6,1,0,0,
1,0,0,0,
2,4,0,0,
3,0,0,0,
4,1,0,0,
6,1,0,0,
2,0,0,0,
3,2,0,0,
4,1,0,0,
2,1,0,0,
4,1,0,0,
1,0,0,0,
2,0,0,0,
3,4,0,0,
4,1,0,0,
7,2,0,0,
1,1,0,0,
5,1,0,0,
1,1,0,0,
3,1,0,0,
5,1,0,0,
3,1,0,0,
5,0,0,0,
2,2,0,0,
3,1,0,0,
2,4,0,0,
3,4,0,0,
4,4,0,0,
5,0,0,0,
6,4,0,0,
2,0,0,1,RG Sharma
2,1,0,0,
6,1,0,0,
1,1,0,0,
5,0,0,0,
6,0,0,0,
2,1,0,0,
1,6,0,0,
2,0,0,0,
3,0,0,0,
4,1,0,0,
6,6,0,0,
2,4,0,0,
3,1,0,0,
1,1,0,0,
5,1,0,0,
3,0,0,0,
4,1,0,0,
7,1,0,0,
1,0,0,0,
2,4,0,0,
3,1,0,0,
5,2,0,0,
6,0,0,0,
2,2,0,0,
3,0,0,0,
4,0,0,1,RG Sharma
2,1,0,0,
5,1,0,0,
1,1,0,0,
4,0,0,0,
5,1,0,0,
1,0,0,0,
2,0,0,0,
3,1,0,0,
5,1,0,0,
1,0,0,0,
2,2,0,0,
3,1,0,0,
1,0,0,0,
2,1,0,0,
5,1,0,0,
7,1,0,0,
1,1,0,0,
3,4,0,0,
4,4,0,0,
5,1,0,0,
1,0,0,0,
2,1,0,0,
1,1,0,0,
5,1,0,0,
7,1,0,0,
1,1,0,0,
3,0,0,0,
4,2,0,0,
5,6,0,0,
6,0,0,0,
5,1,0,0,
2,0,0,1,RG Sharma
5,0,0,1,RG Sharma
6,0,0,0,
2,1,0,0,
4,1,0,0,
6,1,0,0,
1,0,0,0,
2,1,0,0,
4,1,0,0,
6,1,0,0,
1,0,0,0,
2,0,0,1,RG Sharma
1,2,0,0,
2,1,0,0,
5,0,0,0,
6,0,0,1,RG Sharma
6,1,0,0,
1,1,0,0,
5,1,0,0,
4,1,0,0,
2,0,0,0,
3,4,0,0,
4,1,0,0,
6,1,0,0,
1,1,0,0,
3,0,0,0,
5,2,0,0,
6,1,0,0,
1,0,0,0,
4,0,0,0,
2,1,0,0,
2,4,0,0,
2,1,0,0,
4,0,0,0,
5,4,0,0,
6,0,0,0,
3,0,0,1,RG Sharma
6,4,0,0,
2,0,0,0,
3,0,0,0,
3,4,0,0,
4,0,0,0,
5,4,0,0,
6,0,0,0,
3,4,0,0,
4,0,0,0,
5,0,0,0,
4,1,0,0,
2,0,0,0,
3,6,0,0,
4,0,0,0,
5,0,0,0,
6,0,0,0,
5,0,0,0,
6,4,0,0,
6,4,0,0,
5,0,0,0,
6,1,0,0,
1,1,0,0,
4,1,0,0,
6,0,0,0,
3,1,0,0,
5,4,0,0,
6,1,0,0,
1,2,0,0,
2,1,0,0,
4,4,0,0,
5,1,0,0,
3,0,0,0,
4,0,0,1,RG Sharma
1,1,0,0,
4,0,0,0,
5,1,0,0,
1,2,0,0,
2,4,0,0,
3,1,0,0,
5,4,0,0,
6,1,0,0,
1,0,0,0,
2,1,0,0,
5,1,0,0,
3,1,0,0,
6,2,0,0,
2,4,0,0,
3,1,0,0,
5,4,0,0,
6,4,0,0,
2,0,0,1,RG Sharma
6,1,0,0,
1,0,0,0,
2,0,0,0,
3,0,0,0,
4,0,0,0,
5,0,0,0,
6,1,0,0,
1,1,0,0,
4,4,0,0,
5,0,0,0,
6,1,0,0,
6,1,0,0,
1,0,0,0,
2,0,0,0,
3,1,0,0,
1,1,0,0,
3,1,0,0,
5,1,0,0,
1,0,0,1,RG Sharma
1,0,0,0,
2,0,0,0,
3,0,0,0,
4,0,0,0,
5,0,0,0,
6,1,0,0,
1,0,0,0,
2,6,0,0,
3,1,0,0,
5,0,0,0,
6,1,0,0,
1,1,0,0,
1,1,0,0,
4,0,0,1,RG Sharma
1,1,0,0,
3,0,0,0,
4,2,0,0,
5,1,0,0,
1,0,0,0,
2,1,0,0,
5,1,0,0,
4,4,0,0,
5,1,0,0,
1,4,0,0,
2,0,0,0,
3,1,0,0,
5,4,0,0,
6,4,0,0,
4,1,0,0,
1,0,0,0,
2,0,0,0,
3,1,0,0,
1,1,0,0,
4,1,0,0,
2,6,0,0,
3,4,0,0,
4,4,0,0,
5,0,0,0,
6,1,0,0,
1,1,0,0,
3,1,0,0,
5,0,0,1,RG Sharma
1,0,0,0,
2,1,0,0,
4,1,0,0,
3,0,0,0,
1,0,0,0,
2,6,0,0,
3,0,0,0,
4,2,0,0,
5,1,0,0,
7,0,0,0,
1,0,0,0,
2,6,0,0,
3,0,0,0,
4,1,0,0,
6,4,0,0,
1,0,0,0,
2,1,0,0,
5,0,0,0,
6,1,0,0,
1,0,0,1,RG Sharma
1,0,0,0,
2,4,0,0,
3,1,0,0,
6,1,0,0,
6,1,0,0,
1,1,0,0,
3,0,0,0,
4,1,0,0,
6,0,0,0,
2,4,0,0,
3,1,0,0,
1,1,0,0,
3,4,0,0,
4,1,0,0,
6,1,0,0,
1,0,0,0,
2,1,0,0,
6,6,0,0,
7,1,0,0,
1,0,0,1,RG Sharma
1,0,0,0,
2,1,0,0,
4,1,0,0,
1,1,0,0,
4,4,0,0,
5,0,0,0,
5,0,0,0,
6,0,0,0,
3,0,0,0,
4,1,0,0,
6,0,0,0,
2,4,0,0,
3,0,0,1,RG Sharma
4,1,0,0,
6,0,0,0,
1,0,0,0,
2,1,0,0,
1,1,0,0,
5,2,0,0,
6,4,0,0,
2,0,0,0,
3,1,0,0,
1,1,0,0,
3,1,0,0,
5,1,0,0,
2,6,0,0,
3,0,0,0,
4,6,0,0,
5,1,0,0,
1,1,0,0,
3,1,0,0,
5,1,0,0,
7,1,0,0,
1,0,0,0,
2,2,0,0,
3,0,0,0,
4,4,0,0,
5,1,0,0,
2,1,0,0,
4,0,0,0,
5,4,0,0,
6,0,0,0,
2,0,0,0,
3,0,0,0,
4,1,0,0,
2,1,0,0,
4,0,0,0,
5,0,0,0,
6,0,0,0,
5,0,0,0,
6,1,0,0,
1,4,0,0,
2,4,0,0,
3,1,0,0,
6,6,0,0,
2,0,0,1,RG Sharma
1,4,0,0,
2,1,0,0,
5,0,0,0,
6,1,0,0,
1,1,0,0,
3,0,0,0,
4,4,0,0,
5,0,0,0,
6,4,0,0,
3,0,0,0,
4,4,0,0,
5,0,0,0,
6,0,0,0,
3,0,0,1,RG Sharma
2,4,0,0,
6,0,0,0,
3,0,0,0,
4,0,0,0,
5,0,0,0,
1,0,0,0,
7,4,0,0,
2,0,0,0,
3,4,0,0,
4,0,0,0,
5,4,0,0,
6,4,0,0,
3,1,0,0,
5,0,0,0,
6,1,0,0,
1,1,0,0,
1,1,0,0,
1,0,0,0,
2,0,0,1,RG Sharma
2,0,0,0,
3,0,0,0,
4,0,0,0,
5,0,0,0,
6,0,0,0,
7,2,0,0,
3,0,0,0,
4,1,0,0,
6,0,0,0,
7,1,0,0,
1,4,0,0,
2,1,0,0,
1,0,0,0,
2,1,0,0,
5,4,0,0,
2,4,0,0,
3,1,0,0,
1,0,0,0,
2,4,0,0,
3,1,0,0,
5,1,0,0,
2,0,0,0,
3,1,0,0,
1,0,0,0,
2,1,0,0,
4,4,0,0,
5,0,0,0,
6,1,0,0,
1,1,0,0,
4,4,0,0,
5,1,0,0,
1,0,0,0,
2,1,0,0,
6,0,0,0,
2,0,0,0,
3,2,0,0,
4,1,0,0,
6,1,0,0,
1,1,0,0,
4,0,0,0,
5,0,0,0,
6,4,0,0,
4,1,0,0,
2,0,0,0,
3,0,0,0,
4,4,0,0,
5,1,0,0,
5,1,0,0,
1,0,0,0,
1,4,0,0,
2,0,0,1,RG Sharma
2,1,0,0,
4,0,0,0,
5,0,0,0,
6,4,0,0,
2,1,0,0,
1,0,0,0,
2,0,0,1,RG Sharma
2,1,0,0,
1,2,0,0,
2,0,0,0,
3,0,0,0,
4,0,0,0,
5,6,0,0,
6,0,0,0,
1,4,0,0,
2,1,0,0,
4,4,0,0,
5,1,0,0,
2,0,0,0,
3,0,0,0,
4,1,0,0,
1,1,0,0,
3,0,0,0,
4,0,0,1,RG Sharma
1,0,0,0,
2,1,0,0,
1,0,0,0,
2,1,0,0,
6,1,0,0,
1,1,0,0,
3,0,0,1,RG Sharma
2,1,0,0,
5,1,0,0,
6,4,0,0,
2,1,0,0,
5,0,0,0,
6,1,0,0,
1,1,0,0,
5,1,0,0,
1,1,0,0,
3,0,0,0,
5,0,0,0,
6,1,0,0,
2,0,0,0,
3,0,0,0,
4,1,0,0,
5,6,0,0,
6,0,0,0,
2,4,0,0,
3,4,0,0,
4,6,0,0,
5,6,0,0,
6,1,0,0,
1,0,0,1,RG Sharma
1,4,0,0,
2,0,0,0,
3,0,0,0,
4,4,0,0,
5,0,0,0,
6,0,0,0,
2,1,0,0,
1,0,0,0,
2,1,0,0,
4,0,0,0,
5,0,0,0,
6,0,0,1,SA Yadav
4,1,0,0,
1,0,0,0,
2,4,0,0,
3,4,0,0,
4,1,0,0,
6,2,0,0,
5,4,0,0,
6,1,0,0,
1,1,0,0,
3,0,0,0,
4,1,0,0,
2,1,0,0,
1,6,0,0,
2,1,0,0,
7,1,0,0,
5,1,0,0,
2,1,0,0,
5,1,0,0,
7,0,0,0,
2,0,0,0,
3,1,0,0,
5,1,0,1,SA Yadav
6,1,0,0,
1,0,0,0,
3,1,0,0,
6,2,0,0,
2,0,0,0,
3,4,0,0,
4,0,0,0,
5,0,0,0,
6,0,0,0,
2,0,0,0,
3,0,0,0,
4,0,0,0,
5,0,0,0,
6,0,0,0,
7,6,0,0,
3,0,0,0,
4,0,0,0,
5,0,0,0,
6,0,0,0,
1,2,0,0,
2,0,0,0,
3,2,0,0,
4,3,0,0,
1,0,0,0,
2,6,0,0,
3,1,0,0,
5,0,0,0,
6,6,0,0,
7,0,0,0,
3,1,0,0,
6,0,0,0,
2,0,0,0,
3,4,0,0,
4,0,0,0,
5,6,0,0,
6,2,0,0,
2,1,0,0,
4,1,0,0,
2,1,0,0,
4,6,0,0,
5,1,0,0,
4,1,0,0,
2,1,0,0,
1,0,0,0,
2,1,0,0,
4,0,0,0,
1,0,0,0,
2,2,0,0,
3,4,0,0,
4,0,0,0,
5,1,0,0,
7,0,0,1,RG Sharma
6,0,0,0,
1,0,0,1,RG Sharma
5,0,0,0,
6,0,0,0,
7,4,0,0,
2,0,0,0,
3,1,0,0,
6,1,0,0,
1,0,0,0,
2,6,0,0,
3,4,0,0,
4,1,0,0,
1,1,0,0,
2,0,0,0,
3,6,0,0,
4,1,0,0,
2,0,0,0,
3,0,0,0,
1,2,0,0,
2,1,0,0,
5,0,0,0,
6,1,0,0,
4,6,0,0,
5,0,0,0,
1,1,0,0,
4,0,0,0,
5,4,0,0,
6,0,0,0,
4,4,0,0,
5,0,0,0,
6,0,0,0,
6,0,0,1,RG Sharma
1,0,0,0,
2,4,0,0,
3,0,0,1,RG Sharma
1,4,0,0,
2,0,0,0,
3,1,0,0,
1,0,0,0,
2,0,0,0,
3,4,0,0,
4,0,0,0,
5,0,0,0,
1,0,0,0,
2,4,0,0,
3,4,0,0,
4,1,0,0,
4,0,0,0,
5,0,0,0,
6,0,0,0,
6,0,0,0,
2,0,0,0,
3,0,0,0,
4,1,0,0,
6,0,0,0,
3,0,0,0,
4,1,0,0,
1,0,0,0,
2,2,0,0,
3,1,0,0,
5,0,0,0,
6,0,0,0,
6,1,0,0,
1,0,0,0,
2,0,0,0,
3,6,0,0,
4,0,0,0,
5,1,0,0,
1,0,0,0,
2,0,0,0,
3,1,0,0,
6,0,0,0,
7,0,0,0,
5,0,0,0,
6,1,0,0,
1,1,0,0,
3,0,0,0,
4,1,0,0,
1,1,0,0,
5,0,0,0,
6,0,0,1,RG Sharma
1,0,0,0,
2,0,0,0,
3,0,0,0,
4,6,0,0,
5,0,0,1,RG Sharma
1,1,0,0,
4,6,0,0,
5,0,0,0,
6,1,0,0,
1,0,0,0,
2,0,0,0,
3,0,0,0,
4,0,0,1,RG Sharma
3,0,0,1,RG Sharma
1,0,0,0,
2,0,0,0,
3,6,0,0,
4,1,0,0,
1,1,0,0,
3,0,0,0,
4,1,0,0,
1,2,0,0,
2,0,0,0,
3,0,0,0,
4,4,0,0,
5,0,0,0,
6,6,0,0,
6,2,0,0,
5,1,0,0,
2,0,0,0,
3,1,0,0,
5,0,0,0,
6,1,0,0,
1,0,0,0,
2,1,0,0,
6,0,0,0,
3,6,0,0,
4,0,0,0,
5,6,0,0,
6,1,0,0,
1,0,0,0,
2,4,0,0,
3,1,0,0,
6,1,0,0,
1,1,0,0,
4,0,0,0,
5,0,0,1,SA Yadav
2,1,0,0,
4,0,0,0,
5,4,0,0,
6,4,0,0,
2,1,0,0,
4,4,0,0,
5,1,0,0,
1,1,0,0,
3,1,0,0,
6,0,0,0,
2,0,0,0,
3,1,0,0,
6,1,0,0,
1,1,0,0,
5,0,0,0,
6,1,0,0,
1,0,0,0,
2,0,0,1,RG Sharma
